ts_epoch,mem_used_mb
1784314157,347
1784314157,378
1784314158,389
1784314158,390
1784314159,352
1784314159,360
1784314160,369
1784314160,384
1784314161,389
1784314161,392
1784314162,401
1784314163,405
1784314163,415
1784314164,426
1784314164,434
1784314165,452
1784314165,445
1784314166,457
1784314166,465
1784314167,468
1784314168,472
1784314168,476
1784314169,485
1784314169,556
1784314170,557
1784314170,568
1784314171,484
1784314171,492
1784314172,494
1784314173,499
1784314173,499
1784314174,499
1784314174,506
1784314175,508
